time,value
0.019299999999999984,6.003e-05
0.08820000000000017,5.875999999999999e-05
0.15710000000000013,4.386e-05
0.22599999999999998,3.82e-05
0.2949,4.745e-05
0.36379999999999996,5.4439999999999994e-05
0.4326999999999999,6.21e-05
0.5016,6.889e-05
0.5705,7.269e-05
0.6394,6.328e-05
