time,value
0.019299999999999984,8.209206847820203e-05
0.08820000000000017,9.181858533873112e-05
0.15710000000000013,0.00011518503794616718
0.22599999999999998,0.00011674118189347626
0.2949,0.0001002523794307163
0.36379999999999996,6.339886926561263e-05
0.4326999999999999,4.0656364812357317e-05
0.5016,3.8636694699938e-05
0.5705,4.310993543544956e-05
0.6394,6.767030310853679e-05
