time,value
0.04420000000000002,9.181858533873112e-05
0.11309999999999998,0.00011518503794616718
0.182,0.00011674118189347626
0.25089999999999996,0.0001002523794307163
0.3198,6.339886926561263e-05
0.38869999999999993,4.0656364812357317e-05
0.4576,3.8636694699938e-05
0.5265,4.310993543544956e-05
0.5953999999999999,6.767030310853679e-05
0.6642999999999999,8.209206847820203e-05
