time,value
0.019299999999999984,0.00011716075351352032
0.08820000000000017,0.000134236112579873
0.15710000000000013,0.00016982846499561386
0.22599999999999998,0.00017174178346179283
0.2949,0.0001542893810374056
0.36379999999999996,0.00011597469224428158
0.4326999999999999,9.100090852473403e-05
0.5016,8.201940604537174e-05
0.5705,8.374565652485933e-05
0.6394,0.00010057232797790399
